date,stock,bond,gold,realt,rfr
1987-01-31,NA,NA,NA,NA,0.0010829974960615552
1987-02-28,0.04843749999999991,0.007257341403272832,0.013358302122347121,0.006275986506629083,0.0010829974960615552
1987-03-31,0.023845007451564815,-0.005313378028764637,0.037329062461500584,0.005238949091759482,0.0011313986640417717
1987-04-30,-0.01601164483260553,-0.030931871574001568,0.07660332541567705,0.007848490018768084,0.0012556707624673535
1987-05-31,0.00591715976331364,-0.006147186147186123,-0.004964147821290732,0.008849285131661722,0.0013066690559264682
1987-06-30,0.044117647058823595,0.015535615762116484,-0.008203991130820376,0.010205638271906459,0.0012865971097748563
1987-07-31,0.04507042253521121,-0.005004003202562002,0.03398166778448464,0.008532036665106268,0.0013159250304384251
1987-08-31,0.037735849056603765,-0.00801793258039496,-0.01967567567567574,0.007202108226274984,0.0013636673132246813
1987-09-30,-0.020779220779220786,-0.024364099889912616,0.013453903837671088,0.005277476325687314,0.0014694527261884804
1987-10-31,-0.22811671087533159,0.029693856341123093,0.020239390642002197,0.004155452367572865,0.0013405829781989453
1987-11-30,-0.07044673539518898,0.016322057848141558,0.050554607508532357,0.0028128359571739647,0.0013498204802957492
1987-12-31,0.07208872458410354,0.014868200777459428,-0.017055837563451748,0.0037007665873647344,0.001334421849056966
1988-01-31,0.0431034482758621,0.038303464087007466,-0.05391448047923986,0.003482281333216264,0.0012463818576324837
1988-02-29,0.05289256198347103,0.016802649648598456,-0.06954148471615729,0.004840779190481648,0.0012277887807732313
1988-03-31,-0.01569858712715866,-0.011387410291041067,0.07227502053267632,0.00592025074003133,0.001289686647078403
1988-04-30,0.011164274322169154,-0.00991133374407327,-0.017397964766385776,0.006693208701171294,0.001334421849056966
1988-05-31,0.001577287066246047,-0.007575552609507374,0.014476614699331813,0.00888404883361038,0.0013959327253432186
1988-06-30,0.051968503937007915,0.026853139227392964,-0.04160263446761803,0.009345528917168444,0.001346741871539603
1988-07-31,-0.007485029940119681,-7.433759889556857e-4,5.726720879624114e-4,0.008696141614836783,0.0013990024251482325
1988-08-31,-0.02865761689291091,0.006642223284977877,-0.020718864468864506,0.006975057195468981,0.0014296689269803764
1988-09-30,0.03881987577639756,0.022724873310810745,-0.07258912916423144,0.005402859359414869,0.0013775028584155358
1988-10-31,0.01943198804185342,0.016129448501896793,0.03957650617595165,0.0034309807920192004,0.0013405829781989453
1988-11-30,-0.017595307917888547,-0.007314471478640727,0.024733268671193187,0.003336857860840592,0.0014235400575797197
1988-12-31,0.020895522388059584,0.0043749680192395335,-0.0292238523426408,0.002915172583691339,0.0014587508729670962
1989-01-31,0.06871345029239762,0.01383192806378486,-0.03960999390615483,0.0046261548328989655,0.0014495724824721279
1989-02-28,-0.01641586867305056,-0.0064824120603014235,-0.017766497461928932,0.004767855687467737,0.001501517861588031
1989-03-31,0.022253129346314182,0.005588993981083368,-0.009819121447028456,0.005975476213008202,0.0015182897423346997
1989-04-30,0.04897959183673484,0.018233030706938713,-0.014744258872651295,0.006155003964467554,0.0014465119157258677
1989-05-31,0.04150453955901412,0.030675755779490332,-0.04171632896305122,0.00571665175172642,0.0013836483712383885
1989-06-30,-0.0062266500622664145,0.030865085070692633,0.03095632946379201,0.005312296638644298,0.0012881419487322798
1989-07-31,0.07894736842105243,0.019201264586917066,-0.012600536193029477,0.004557644292376262,0.0012153820691060968
1989-08-31,0.022067363530778206,-0.013023446765806024,-0.023079011675264716,0.0030246442755317293,0.0013251759596339951
1989-09-30,-0.001136363636363824,0.005037783375314797,0.01862145636464696,0.001966645689112756,0.0013390429055837316
1989-10-31,-0.029579067121729197,0.020693936676553726,0.02401091405184186,8.89796132003795e-4,0.001261860542246973
1989-11-30,0.017584994138335253,0.005902097271969442,0.08752997601918455,4.314289449600661e-4,0.001243284425811897
1989-12-31,0.018433179723502224,0.003247262222023206,-0.02339826044346427,-3.136311958495952e-4,0.001261860542246973
1990-01-31,-0.07352941176470595,-0.014420286619938438,0.04126944305067726,3.660178564426353e-4,0.001337502693205428
1990-02-28,0.01587301587301604,0.004212719695597,-0.017708709794000743,7.840370065468338e-4,0.0013513595752845386
1990-03-31,0.02524038461538458,0.003315440479949583,-0.09614912926171204,0.0026505803857050925,0.0013836483712383885
1990-04-30,-0.029308323563892125,-0.011284702708778349,-0.002035278154681186,0.00324260971480661,0.0014434507970213506
1990-05-31,0.09178743961352653,0.027647045449378238,-0.012780421481984994,0.0033619335661159155,0.0013698178368652947
1990-06-30,-0.004424778761061843,0.016792406911657176,-0.029885690676215493,0.0026779476829930093,0.001337502693205428
1990-07-31,-0.010000000000000009,0.013055398407241459,0.05706984667802395,6.967292432746852e-4,0.0013035826089482505
1990-08-31,-0.09427609427609429,-0.017784269083723436,0.0414987912973408,-0.0010572596346006824,0.0013605912153777933
1990-09-30,-0.054522924411400275,0.004242291712224011,0.05325596389426179,-0.003226764071918131,0.001355976023001082
1990-10-31,-0.013106159895150626,0.008230990331852484,-0.07076395690499504,-0.0040918331671565555,0.0013205511253542301
1990-11-30,0.06772908366533859,0.020733445639497194,0.014097496706192425,-0.006917085982499405,0.0012695945935166097
1990-12-31,0.031094527363184188,0.017730946637890987,0.0035078602052747154,-0.005354875031094775,0.001233988736809355
1991-01-31,0.049457177322074886,0.0113097713097714,-0.052304505437597126,-0.00576543372383842,0.0012246879531190302
1991-02-28,0.07701149425287346,0.012725104843351653,-0.00901639344262295,-0.0037202774982787457,0.0012308890419336915
1991-03-31,0.030949839914621302,0.012950896210137453,-0.01943755169561623,-0.001488352314255037,0.0012417354978704331
1991-04-30,0.0031055900621117516,0.013847417887417057,0.005904681568958292,0.002355634224570524,0.0012262384377708102
1991-05-31,0.04024767801857587,0.008677261227071353,0.007407407407407307,0.006001380848690729,0.001235538371955558
1991-06-30,-0.044642857142857095,-7.446454116125656e-4,0.02205882352941191,0.006414317389926927,0.001268048065209193
1991-07-31,0.04672897196261672,0.013237110976016098,-0.014931451065562595,0.0034489993967530275,0.001247930361563565
1991-08-31,0.02777777777777768,0.0236316482155301,-0.0425795783381564,0.0010063123227517234,0.0011812167669813523
1991-09-30,-0.01158301158301156,0.02111970353003456,0.021588946459412783,-2.3500535289955327e-4,0.001115800464040806
1991-10-31,0.0185546875,0.00990630670666226,0.007185122569737912,-0.0038001462599249747,0.0010876875187793011
1991-11-30,-0.038350910834132335,0.009057406354852304,0.02475870751154008,-0.0033296191911907913,0.0010469975212767935
1991-12-31,0.10967098703888345,0.033396929226855665,-0.035899535899535984,-0.0024463705593772422,9.605996242387782e-4
1992-01-31,-0.0017969451931717506,-0.011886132259595894,0.002690075038935369,-0.0018986090052078852,0.0010407288515106305
1992-02-29,0.013501350135013634,0.006619570439703182,-0.002824060999717548,-5.81234065600289e-4,0.001062659070476979
1992-03-31,-0.0248667850799289,-8.308437483427467e-4,-0.03228547153780803,0.0020883725233620254,0.0011189212513589286
1992-04-30,0.013661202185792476,0.006280740242737171,-0.01565700907228551,0.003521730528259548,0.0011142398551133859
1992-05-31,0.0062893081761004055,0.02120364998153912,0.0034190575293593373,0.004166557135722115,0.001067354717615876
1992-06-30,-0.020535714285714213,0.015770535268494923,0.01748148148148143,0.0026832811947801183,0.0010172006906816744
1992-07-31,0.040109389243391025,0.026203833963287515,0.04207920792079212,0.001422902198318754,9.464198031596815e-4
1992-08-31,-0.02103418054338302,0.009563134858369793,-0.049881235154394354,2.737476047083298e-4,9.085489021345428e-4
1992-09-30,0.012533572068039511,0.012744584778483059,0.026470588235294024,-0.0013553314045924303,8.65842840022113e-4
1992-10-31,0.011494252873563093,-0.014474258113500005,-0.027936962750716332,-4.0454130236211583e-4,9.558743339415088e-4
1992-11-30,0.04195804195804209,6.884455882110174e-4,-0.014885777450257986,-2.4804501364239506e-4,0.0010077802830299465
1992-12-31,0.017617449664429685,0.01654408753624148,-0.003889886295631362,-0.0014886393314179625,9.779144373653903e-4
1993-01-31,0.012366034624896827,0.02175349264409676,-0.007359567437668968,-8.892841262785334e-4,9.038090897288686e-4
1993-02-28,0.004071661237785129,0.021637307006891593,-0.008624602814343962,-8.769863085420493e-4,8.468278035698162e-4
1993-03-31,0.02514193025141931,0.006946481221345779,0.031135531135531025,7.205460428922894e-4,8.515835612910028e-4
1993-04-30,-0.026898734177215222,0.007113182382609606,0.048845470692717496,0.0036394103631554042,8.357258477875718e-4
1993-05-31,0.03089430894308931,0.001263414262881346,0.06534010725373962,0.004813210894291986,8.721764519294961e-4
1993-06-30,0.004731861198738141,0.022378302776004277,0.002649357530798868,0.006296003011696305,8.214412199079035e-4
1993-07-31,0,0.007033457249070674,0.06156691769057998,0.004760184731288142,8.388985766358825e-4
1993-08-31,0.03846153846153855,0.025663363997460165,-0.07517112632233969,0.0031455827031470207,7.816984654331893e-4
1993-09-30,0.0022675736961450532,0.00552828205755751,-0.043197416229309726,8.703220191470518e-4,7.801068168122871e-4
1993-10-31,0.016591251885369473,0.005540840432386007,0.039662447257384104,-3.324808184144157e-4,7.864725153894359e-4
1993-11-30,-0.016320474777448135,-0.012757717279872516,0.0035173160173158635,-1.279197687198419e-5,8.373122863880589e-4
1993-12-31,0.018099547511312153,0.00630264220606902,0.05621461310326237,-7.291520090056958e-4,8.468278035698162e-4
1994-01-31,0.03111111111111109,0.016797328479497775,-0.03535417996171031,0.0010881253520407252,8.166770029043313e-4
1994-02-28,-0.02227011494252873,-0.02265134963704285,0.009658639851812811,8.951292182945991e-5,9.085489021345428e-4
1994-03-31,-0.04555473916238051,-0.02479160056534646,0.020049796881142612,0.001841243862520603,0.0010077802830299465
1994-04-30,0.010007698229407058,-0.010426063680326614,-0.032759506680369976,0.004492546457014468,0.001072049065603986
1994-05-31,0.009908536585365946,-0.002047404130675168,0.029618807278523063,0.006454563935759383,0.0010923762454828623
1994-06-30,-0.02716981132075469,-0.0017071746259940124,0.0016769865841073095,0.006211180124223503,0.0011236013563931113
1994-07-31,0.02948021722265315,0.020116106385851262,-0.010946555054732743,0.004529258255545621,0.0010861243219106864
1994-08-31,0.04446119065561427,0.0016469619434151817,0.004557291666666741,0.003172422406794606,0.0010986258663134851
1994-09-30,-0.01948051948051943,-0.01610487991074039,0.023590408295528276,2.863581468892651e-4,0.001171887006679917
1994-10-31,0.016188373804267853,-0.0020591175636761605,-0.027858680511586686,-4.480844390232219e-4,0.0012029662801633645
1994-11-30,-0.036205648081100605,-7.027406886856991e-4,-0.0019538882375927935,-0.0016810699076033053,0.0012510269455976442
1994-12-31,0.013523666416228375,0.0090822036687912,3.9154267815177946e-4,-0.0011226004415562096,0.0012572184190797753
1995-01-31,0.021497405485544796,0.019083346925460765,-0.02178734507501634,-6.49342540677611e-4,0.001212278973388159
1995-02-28,0.03991291727140789,0.023978582237224932,0.00400106695118696,-4.373414637193207e-4,0.001137633931405535
1995-03-31,0.026517794836008468,0.011523814936910348,0.04144527098831041,0.0010875815686177681,0.0011407507060863242
1995-04-30,0.024473147518694782,0.015396069507072951,-0.005739795918367374,0.0036587954695870284,0.0011095571669377247
1995-05-31,0.03384207033842079,0.047369367624475966,-0.01398332264271962,0.00400627068454984,9.842063543448187e-4
1995-06-30,0.03209242618741959,0.009034831653611741,0.0071558678116054875,0.004671854862694724,9.684721845588662e-4
1995-07-31,0.04104477611940305,-0.004895864696102925,-0.009559488438186214,0.0042184204359034805,9.967831924171389e-4
1995-08-31,0.009557945041815952,0.014825631108831061,-0.002608582235554935,0.0029847079776452734,9.826335938440955e-4
1995-09-30,0.03846153846153855,0.01151094057865798,0.004315417810906164,0.001028680594675313,9.731939678494506e-4
1995-10-31,-0.01025641025641022,0.015237338527783528,-0.003515625000000022,-1.345697438280835e-4,9.416905611947524e-4
1995-11-30,0.042602187679907866,0.01776044230696394,0.01345877433686149,-0.0011623496592479965,8.974872791482902e-4
1995-12-31,0.016013252346769757,0.016706355112367843,-0.002062919030428101,-0.0014454407369298705,8.737594854901776e-4
1996-01-31,0.02717391304347827,0.005648063433973727,0.047932816537467726,-0.0010672489511519556,8.531685176260684e-4
1996-02-29,0.01746031746031762,-0.023375142531356863,-0.012082357292565682,-3.438493939653675e-4,9.290728002746551e-4
1996-03-31,0.010920436817472678,-0.0070176746034703585,-0.010732559590665103,0.003267692836873115,9.873514380218662e-4
1996-04-30,0.024691358024691468,-0.008868486228204131,-0.012741264034313082,0.00562024758476265,0.001034457864821814
1996-05-31,0.027108433734939652,-8.960460390979863e-4,-0.0019166879631995482,0.0058201831287749695,0.001072049065603986
1996-06-30,-0.008308895405669703,0.013856958795442464,-0.021892203303034208,0.00539912355034744,0.0010454305709524103
1996-07-31,-0.053721044849679656,0.0023547587306729234,0.00863874345549731,0.004455040215768591,0.0010610935659387533
1996-08-31,0.031770833333333304,-0.0030452940884004853,0.002984687256682994,0.0027091174989808398,0.0010861243219106864
1996-09-30,0.05350832912670378,0.020247609310907855,-0.019278043731401184,6.814269319050936e-4,0.00104386347590113
1996-10-31,0.013895543842836533,0.026945778494702477,0.0013192612137202797,-8.601636700317217e-4,9.873514380218662e-4
1996-11-30,0.06616257088846877,0.022097672426103054,-0.021607378129117283,-8.728611911564821e-4,9.464198031596815e-4
1996-12-31,-0.011081560283687897,-0.01326068480551379,-0.00552114193374631,-7.89851603638092e-4,0.0010046389844278192
1997-01-31,0.053339309726579964,0.0014158623781768132,-0.06431956668923489,4.79076340814899e-4,0.0010124911406814707
1997-02-28,-4.2553191489369535e-4,0.0025567311544170135,0.03791606367583222,7.900974453516341e-4,0.0010328897559279682
1997-03-31,-0.04427415921668787,-0.0124925080208248,-0.029141104294478692,0.0037679425837322533,0.0010923762454828623
1997-04-30,0.04365256124721606,0.016173180368448614,-0.02297860117765327,0.00487397962223679,0.0010610935659387533
1997-05-31,0.07084933845497221,0.009158302786138384,0.016022343083933688,0.006451306864000639,0.0010516975041592325
1997-06-30,0.04583499402152236,0.015318734115517207,-0.03197337962962965,0.006292124239996255,0.001034457864821814
1997-07-31,0.07698170731707332,0.036998937009224075,-0.02451053654162305,0.0051755228214795945,9.558743339415088e-4
1997-08-31,-0.03750884642604391,-0.01476974626898575,-0.0030641948827945242,0.003611201714738499,0.0010062097064305053
1997-09-30,0.05882352941176472,0.018235517866332485,0.020746887966804906,0.001857139540822228,9.716201860971996e-4
1997-10-31,-0.03298611111111105,0.014173332161378172,-0.06233062330623318,0.0011238037861760475,9.274949201067972e-4
1997-11-30,0.032675044883303306,0.0030117218815679525,-0.04688503532434163,0.002592262559165004,9.448435356482765e-4
1997-12-31,0.018428372739916377,0.010509375270025156,-0.022237196765498735,0.002493218676054676,9.259168931685657e-4
1998-01-31,0.005462615227040057,0.013189820109665629,0.05048242591316354,0.0036269012446603632,8.753423713399044e-4
1998-02-28,0.0726655348047538,-0.0015191315631229996,-0.024438248318845446,0.0024091962462429173,9.069691118039902e-4
1998-03-31,0.05001582779360558,0.004965820364089657,0.012104909213181081,0.005768174327046127,9.148665927216637e-4
1998-04-30,0.012059089538739798,0.005109496725085982,0.03222591362126237,0.007749203459262777,9.164456478225613e-4
1998-05-31,-0.026809651474530738,0.012646046672175615,-0.055037013196008955,0.009213988098598636,9.022288579290105e-4
1998-06-30,0.03520048974594414,0.008624963847456923,0.009196185286103553,0.009185808429461595,8.880001438811291e-4
1998-07-31,-0.0218805440567712,-8.192776019745329e-4,-0.025143435707053574,0.007361582296725233,8.959064583355936e-4
1998-08-31,-0.155683192261185,0.0014246620271198829,-0.053487969534360524,0.006031124122295228,7.991967502600783e-4
1998-09-30,0.06516290726817053,0.031062575481546784,0.0747988295537676,0.003774204135214898,6.907352772007602e-4
1998-10-31,0.07428571428571429,-0.011544455584121649,-0.005274800068062024,0.002702849980927402,6.923353340211325e-4
1998-11-30,0.06320400500625767,0.015425093896242137,0.008210742387957604,0.0021521037357479234,7.354799097794018e-4
1998-12-31,0.06386109476162449,0.005953676048816137,-0.02341364099083809,0.002678929729612367,7.434576165110673e-4
1999-01-31,0.036791147994467366,0.010214715482323333,-0.008339124391938957,0.002909743856005731,7.418623753130404e-4
1999-02-28,-0.036286019210245435,-0.025604593450440305,0.005781359495445004,0.0028689452851147212,8.468278035698162e-4
1999-03-31,0.03875968992248069,0.009088729974831233,-0.02647622365441571,0.006775432068227616,8.325525254178068e-4
1999-04-30,0.047707889125799596,0.0034740780331372623,0.025585972445876015,0.008823560830226507,8.515835612910028e-4
1999-05-31,-0.0218773848893411,-0.014469596094096815,-0.06280530355896718,0.009794682281684342,9.085489021345428e-4
1999-06-30,0.05175552665799721,-0.004934045917652452,-0.02829486224869704,0.010517595738434027,9.196033171627871e-4
1999-07-31,-0.03189910979228483,-0.005843600704048213,-0.020689655172413834,0.008592152915416928,9.432671216691446e-4
1999-08-31,-0.0094508301404852,-0.0025697057990369254,-0.00312989045383405,0.007263748135192261,9.527234090764836e-4
1999-09-30,-0.026044352759154177,0.011339892484024894,0.1734693877551019,0.005137843331528558,9.369600005255663e-4
1999-10-31,0.06354249404289125,0.0031090785092469098,3.3444816053518345e-4,0.004410389821551952,9.668979647179388e-4
1999-11-30,0.033607169529499714,0.0013797516447040525,-0.02591106653293218,0.0032072684594994794,9.889237612525914e-4
1999-12-31,0.07586705202312127,-0.0035844083230159862,-0.0037755277158058043,0.003973576723312,0.0010281845594823924
2000-01-31,-0.04163868368032231,-0.0033467939918033762,-0.023944875107665742,0.004530432249445049,0.0010829974960615552
2000-02-29,0.022424667133847276,0.007741572242944583,0.036533709848217244,0.005709999999999882,0.001067354717615876
2000-03-31,0.05940141649531627,0.011084173874871484,-0.057551506895964555,0.008899185649938968,0.0010219089337626386
2000-04-30,-0.0519732585723528,-0.012353962740764168,-0.006142728093947558,0.010584826444326234,0.0010595279169427485
2000-05-31,-0.035031847133757954,-0.005574871118570801,-0.01017996727867665,0.011322410766530178,0.0010563961854710424
2000-06-30,0.04408297972654407,0.024926155886430656,0.058402203856749324,0.011118504161001352,9.999259457293963e-4
2000-07-31,-0.02032061413411601,0.011821790913101093,-0.03956272774596559,0.00826864020447493,9.967831924171389e-4
2000-08-31,0.072597372666513,0.012952790614312981,9.033423667570428e-4,0.0075670869552879605,9.684721845588662e-4
2000-09-30,-0.04662655779974223,0.007861665295816778,-0.012093862815884537,0.005754733808357004,9.479959242308933e-4
2000-10-31,-0.021410863195852947,-5.314101347503319e-4,-0.033436871916681765,0.005525790131984287,9.448435356482765e-4
2000-11-30,-0.09949332105020725,0.014241768257946985,0.01739130434782621,0.005226222081948562,8.800901429020236e-4
2000-12-31,0.01790281329923271,0.019555530592376247,0.019881085098476303,0.004626508694327347,8.119114474496314e-4
2001-01-31,0.038442211055276454,0.026360489565065537,-0.036254326835489126,0.0038974170420074117,7.896544690539908e-4
2001-02-28,-0.09484635857730461,0.00981356902597863,0.008317580340264641,0.003918911494863453,7.65775254409462e-4
2001-03-31,-0.06736166800320764,0.007751525943249904,-0.03374578177727783,0.006858685540212628,7.530259143331275e-4
2001-04-30,0.08225852679850942,-0.005239284081718809,0.021148622429181252,0.0077178107505844196,8.087336665214551e-4
2001-05-31,0.010063559322033955,0.010224460940261748,0.01653049591487754,0.008584578321917169,8.039658786285209e-4
2001-06-30,-0.01678028316727842,0.004513764357007233,0.011588785046729111,0.009536456894323475,8.087336665214551e-4
2001-07-31,-0.01653333333333329,0.02800588680954097,-0.01736881005173707,0.008431107697468798,7.450527076919844e-4
2001-08-31,-0.06046637744034722,0.010851426102719941,0.026701767581797764,0.006662231015705844,7.274984490572844e-4
2001-09-30,-0.09004329004328993,0.0027570602530797572,0.07362637362637381,0.004139598389383048,6.42663246460673e-4
2001-10-31,0.025689819219790744,0.0219624098479847,-0.0489593995223474,0.0018707291513300195,5.992816104058996e-4
2001-11-30,0.07637600494743357,-0.008202016567582793,-0.011659192825112075,0.0013572039868947616,6.667162935058979e-4
2001-12-31,0.01781097385808672,-0.0058870090036606815,0.003629764065335772,0.0018733381677544791,7.147202947022091e-4
2002-01-31,-0.012418854078464547,0.005167122833208859,0.020976491862567892,0.003300216280492707,7.211105752109592e-4
2002-02-28,-0.020577307802229217,0.007541689701550336,0.05154091392136029,0.004131024768971647,6.971345990054445e-4
2002-03-31,0.0437700612780858,-0.018647579581842155,0.015327606535286975,0.008672819179417868,7.991967502600783e-4
2002-04-30,-0.04864411518031875,0.01296837186013522,0.022561380225613936,0.010836845273931361,7.386714427515262e-4
2002-05-31,-0.011754334410813971,0.012892967771699793,0.059701492537313605,0.013245644204715967,7.131223483196614e-4
2002-06-30,-0.07047279214986624,1.220018056267147e-4,-0.024800979791794298,0.012782726760936614,6.683186177571798e-4
2002-07-31,-0.08061420345489456,5.448749227414673e-4,-0.04348508634222925,0.011068240525782258,5.78354512345669e-4
2002-08-31,0.005915100904662518,0.026424234542513636,0.026752010503857004,0.008424558963827655,5.28346971659488e-4
2002-09-30,-0.10031131096506396,0.019377266752189648,0.034846547314578036,0.006125328715284484,4.3276197561503693e-4
2002-10-31,0.0765090349865436,-0.012763246820840735,-0.021007105344454824,0.005115863959455513,4.619806563175288e-4
2002-11-30,0.060357142857143,0.013809546291487784,0.006784474597665069,0.004011606703981485,0.00053803736604507435
2002-12-31,-0.05557426743011118,0.030976164419711072,0.08823068484563534,0.004019267214150357,4.571143712130965e-4
2003-01-31,-0.024964336661911557,0.0034630209588051297,0.058467741935483986,0.003948123854690344,4.960056059422069e-4
2003-02-28,-0.017190929041697056,0.0208564655043062,-0.054557823129251726,0.0052878551676052155,4.4250713110915996e-4
2003-03-31,0.011537030145143179,9.112822623316141e-4,-0.03626421067779528,0.007660177984196492,4.571143712130965e-4
2003-04-30,0.08204562178072106,0.019009368850773756,0.00567418246976259,0.009125428237787059,4.684668648582413e-4
2003-05-31,0.06086365181910902,0.03187664372950971,0.07319970304380097,0.010345699637517303,3.790632758244872e-4
2003-06-30,0.014743589743589691,-0.001640958319658603,-0.042612064194797905,0.01050523744870624,4.051202477672877e-4
2003-07-31,0.024320909665192625,-0.042217466112719704,0.0252890173410405,0.010666246321984207,5.54175728324724e-4
2003-08-31,0.023743447425223607,0.007850268004498284,0.05877378435517966,0.009788703628058837,5.670753695989905e-4
2003-09-30,-0.010843373493975905,0.03569228985675266,0.03301384451544198,0.008178695674558423,4.684668648582413e-4
2003-10-31,0.06090133982947621,-0.011235562022960943,-0.0045103092783504994,0.006565748677731298,5.364226848043607e-4
2003-11-30,0.014064293915039938,0.00487501149766878,0.03132686084142411,0.005725674941112535,5.54175728324724e-4
2003-12-31,0.0450042456835551,0.013012068552759493,0.044935358353206833,0.006219147479551657,5.331928610232683e-4
2004-01-31,0.022210184182015258,0.010766664349760147,-0.03963963963963968,0.0077205145099839,5.202674109026084e-4
2004-02-29,0.014573396926337967,0.011628466706551377,-0.009756097560975507,0.00940969112902068,4.943869174063309e-4
2004-03-31,-0.010707756594411033,0.010250832710216873,0.0703549324238979,0.014440611138492043,4.603587164466738e-4
2004-04-30,-0.021383315733896624,-0.031072952132312426,-0.08307764928015104,0.014561253739216129,5.944545715952376e-4
2004-05-31,0.013757755597518129,-0.00708333333333333,0.012226512226512165,0.01472851777615114,6.23396217655614e-4
2004-06-30,0.021021820117083534,0.004860819695062357,0.006484424666242772,0.01471698622010087,6.23396217655614e-4
2004-07-31,-0.03831118060985139,0.012082825822167909,-0.011116725618999568,0.012085174235126228,6.07323623249334e-4
2004-08-31,0.003252032520325354,0.023450770574440893,0.04049565661727139,0.009695800018380663,5.4610846693115e-4
2004-09-30,0.017828200972447306,0.005227756835392894,0.020626151012891336,0.00841942383834704,5.54175728324724e-4
2004-10-31,0.0172505307855626,0.010107019431947917,0.023818116203536688,0.007685066986448108,5.412662673744961e-4
2004-11-30,0.04669971301852338,-0.01039633117377281,0.06544471859945955,0.007671243394029359,6.089315683044383e-4
2004-12-31,0.0363908275174476,0.014176808880566938,-0.03925893250992496,0.0074541102370202506,5.944545715952376e-4
2005-01-31,-0.02669552669552666,0.008090465514967615,-0.030876951331496927,0.009195127023841732,6.07323623249334e-4
2005-02-28,0.02075611564121571,-0.006436126027719813,0.03150538907971101,0.01120339723974273,6.538922469396802e-4
2005-03-31,-0.0176712660372792,-0.010770030874966197,-0.01825697554254213,0.016371878165065024,6.827327281131446e-4
2005-04-30,-0.022424839822572595,0.01391523088901736,0.019181286549707632,0.014728847030229586,6.37848540870456e-4
2005-05-31,0.038820267204436654,0.01232623163864055,-0.04877209088822587,0.015239612213246767,6.153618244519876e-4
2005-06-30,0.008978403300169857,0.008059078295598932,0.05465074194715891,0.014568489595621292,6.089315683044383e-4
2005-07-31,0.042087542087542174,-0.010355096186623225,-0.01853122855181888,0.012103665980675693,6.731246824447368e-4
2005-08-31,-0.009923840295407382,0.01629308047754896,0.009906759906759932,0.010488466133627528,6.330324680616783e-4
2005-09-30,0.006993006993007089,-0.015820842072952424,0.0923254472013848,0.009595161492024884,6.827327281131446e-4
2005-10-31,-0.01736111111111116,-0.010285766266845076,-0.005282620179609121,0.0064298181408704025,7.259017061203021e-4
2005-11-30,0.040282685512367244,0.005363743196843407,0.052894317578332295,0.005163578589330475,7.211105752109592e-4
2005-12-31,9.057971014494459e-4,0.009893166858217617,0.03500453949359428,0.002409906776123405,7.099260038478938e-4
2006-01-31,0.0357466063348415,-0.0021015059715100426,0.10867446393762181,0.003997601439136522,7.290950416918296e-4
2006-02-28,-4.36871996505106e-4,0.003978590775371771,-0.022417582417582405,0.003716238635609548,7.514315728118781e-4
2006-03-31,0.01944930069930062,-0.012598425196850394,0.046762589928057485,0.00688154269972463,7.84881314693564e-4
2006-04-30,0.010503751339764333,-0.003974167908594284,0.10652920962199319,0.0049193155639701835,8.00786608704751e-4
2006-05-31,-0.031183708103521446,-8.006300039375969e-4,0.013975155279503104,0.003985886042864539,8.198532962433447e-4
2006-06-30,0.0019706590759798193,7.487291308174715e-4,-0.06049004594180707,9.057381494739225e-4,8.293786093025446e-4
2006-07-31,-0.0037150349650348913,0.014818995615992314,0.030969845150774278,3.305391038597172e-4,7.991967502600783e-4
2006-08-31,0.02347005922351375,0.01870917674448691,-0.014229249011857736,-0.0010996273184260552,7.65775254409462e-4
2006-09-30,0.022931847406772343,0.010861905880411138,-0.03889334402566158,-0.0011171063691330918,7.482424401157317e-4
2006-10-31,0.037083595223130095,0.008622530364118308,0.007509386733416834,-7.763342906315085e-4,7.450527076919844e-4
2006-11-30,0.02323232323232327,0.014165011487668577,0.07113871635610769,-0.002292780458121313,7.259017061203021e-4
2006-12-31,0.011253701875616917,-0.008981962402229815,-0.022730787072831382,-0.002189137087903248,7.65775254409462e-4
2007-01-31,0.020304568527918843,3.2833805190213283e-4,0.029272151898734222,-0.0027942717429270125,7.84881314693564e-4
2007-02-28,-0.016073478760045834,0.020294540229885083,0.021060722521137665,-0.001357267950963137,7.370757513309734e-4
2007-03-31,0.010890704006223162,-0.004874081178034451,-0.0036886479975911657,-0.0015235214169845301,7.4026698406926e-4
2007-04-30,0.03866871873797617,0.007398777646298038,0.023044956554590046,-3.457852618640178e-4,7.354799097794018e-4
2007-05-31,0.03611779959251704,-0.00989955134143461,-0.02644017725258485,-0.0013561667151663626,7.912452220788513e-4
2007-06-30,-0.015194851626742834,-0.004806633888603473,-0.013048095888332556,-0.0018858173341251838,8.00786608704751e-4
2007-07-31,-0.03376293338173908,0.002857353537587981,0.02305918524212136,-0.0030020766658772624,7.498370814154054e-4
2007-08-31,0.013150479053165576,0.009846632721212112,0.00976709241172058,-0.004187937854980173,6.939352399095711e-4
2007-09-30,0.03615798256999825,0.005606455918937048,0.10565476190476186,-0.006180716608040315,6.907352772007602e-4
2007-10-31,0.02129563350035779,0.010866810672523375,0.06258411843876188,-0.008893280632411349,6.7953065094839e-4
2007-11-30,-0.04538286315051698,0.008792192676157162,-0.007599746675110874,-0.013344148345922568,5.590142437366108e-4
2007-12-31,-0.005873715124816492,-5.561866893873946e-4,0.06413529036375243,-0.010413217478676962,5.654634509382195e-4
2008-01-31,-0.06111521418020671,0.011816664101258478,0.10734632683658174,-0.013032341436961192,4.6360244106402604e-4
2008-02-29,-0.029891838741396337,7.196770229944693e-4,0.05226103438938523,-0.011024146739225915,4.1162823883511557e-4
2008-03-31,-0.007703223190756003,-0.013272292481567805,-0.039114770972722646,-0.007612608086622896,4.051202477672877e-4
2008-04-30,0.050663942798774286,0.005724003484175899,-0.06695232994108191,-0.0034602900449658414,4.976241399803349e-4
2008-05-31,0.02138829476958981,-0.009102746142379936,0.016934557979334075,-0.001804881547177839,5.590142437366108e-4
2008-06-30,-0.08185798591281179,-0.0038350853826759623,0.05023990968106129,-0.0028918346086144187,5.477222262513237e-4
2008-07-31,-0.008293593199253602,-0.008612919976841216,-0.013168503090567052,-0.004941785407622468,5.331928610232683e-4
2008-08-31,0.015680535228935755,0.007020036605336566,-0.09259259259259256,-0.008665427599024667,5.089495548107337e-4
2008-09-30,-0.09365994236311237,-0.07337590128062543,0.06182472989195675,-0.014402240077915796,4.895299245160079e-4
2008-10-31,-0.1760163524869407,-0.07381168986186126,-0.17382702091577162,-0.016990501130229707,4.603587164466738e-4
2008-11-30,-0.08158765159867698,0.038781182732028796,0.11460827916524119,-0.01942662553482899,3.1865271219655433e-4
2008-12-31,0.018607442977190747,0.05554065291450949,0.0678330263965623,-0.022598689058185184,2.563845615435323e-4
2009-01-31,-0.08161461402474945,0.003329140141552056,0.05720034492670312,-0.020859555275854813,3.0556261949477026e-4
2009-02-28,-0.10009624639076042,-0.015577310317751891,0.03534529635671557,-0.011683025133568004,3.2846365361516305e-4
2009-03-31,0.08770053475935824,-0.002071245706346092,-0.03728991596638653,-0.007472039128284758,2.76072906095326e-4
2009-04-30,0.10619469026548667,0.030843109449529393,-0.036279323513366046,0.0029212225452857066,3.3336699620889476e-4
2009-05-31,0.052444444444444516,0.04334531811786779,0.10444381545428816,0.008350233425433062,3.855812738373654e-4
2009-06-30,0.003096846846846857,0.03035533420833403,-0.042029728344438744,0.010973955415775283,4.1813373300647605e-4
2009-07-31,0.07830479932641032,0.03947720477891137,0.0048154093097914075,0.006342000734337105,4.165075934419171e-4
2009-08-31,0.035658511192087294,0.021627338298574772,0.01757188498402562,-5.439649739628072e-4,3.9372524942415943e-4
2009-09-30,0.0417190248806234,0.020030234315948636,0.0421245421245422,-0.006909460185977823,3.8069301024434843e-4
2009-10-31,-0.025572979493365566,0.008167276124812828,0.04443886517700224,-0.006957532983117409,3.8069301024434843e-4
2009-11-30,0.0566972022777914,0.01415164685329584,0.13052884615384608,-0.004327605817702307,3.3173270623421125e-4
2009-12-31,0.029053420805998265,-0.010025786596221775,-0.07505847331490534,-0.0085981965417945,4.4250713110915996e-4
2010-01-31,-0.03392531876138438,0.02008488063660474,-0.008275862068965467,-0.011338687903126865,3.855812738373654e-4
2010-02-28,0.03464529813810979,0.0037496229574696116,0.027584608252202214,-0.013434204809555483,3.790632758244872e-4
2010-03-31,0.06309794988610484,0.0034661955265871125,0.006541845251522682,0.0037887525776798547,4.1975971663554823e-4
2010-04-30,0.022069852153417724,0.017580908321113586,0.057149260421335724,0.012562936551599346,4.002376147149711e-4
2010-05-31,-0.079245283018867907,-0.005713386881535998,0.02395590417638327,0.011244764478923752,3.464356480153974e-4
2010-06-30,-0.05464480874316935,0.02057615268811719,0.030227743271221463,0.004522701923338479,2.957384132538099e-4
2010-07-31,0.0705684007707128,0.02046633031147027,-0.060289389067524124,-9.614017508344785e-4,2.645908172485001e-4
2010-08-31,-0.04679415073115878,0.021888475107800787,0.06586826347305386,-0.007705392419303458,2.2022977155189416e-4
2010-09-30,0.09440641963653529,0.00590274614355546,0.04895666131621179,-0.012429826119025766,2.1035597765139968e-4
2010-10-31,0.04011214147077857,0.0021022223493407655,0.030413159908186715,-0.010228074300493883,1.9388686412402656e-4
2010-11-30,0.006220194899440257,-0.008552985220175113,0.027287915351772885,-0.009132005338065796,2.4324628462912834e-4
2010-12-31,0.06676282711724713,-0.009480810474952195,0.015901698590531366,-0.00836294917357705,3.3173270623421125e-4
2011-01-31,0.020282016611937292,0.0023686696214488823,-0.05585200996086803,-0.01129204294958397,3.2192365684191593e-4
2011-02-28,0.035403256342294576,0.007084384393091447,0.06330067822155239,-0.009371269112929848,3.5133379663165876e-4
2011-03-31,0.0034741268970561734,2.7351247600782e-4,0.019844082211197822,3.7752561003046026e-4,3.692815783460368e-4
2011-04-30,0.028972303206997063,0.016981919532565337,0.06706045865184151,0.009928079482694807,3.251939705661844e-4
2011-05-31,-0.012395962457942167,0.014316240324155682,6.512536633018762e-4,0.011008989716798867,2.7771256988295967e-4
2011-06-30,-0.01703424780347862,-0.008328992894081066,-0.02017572404816137,0.008891826769303002,2.9082417454828757e-4
2011-07-31,-0.02207223641006928,0.022945868758822208,0.08170043175024899,0.0027898719195162958,2.235197586513138e-4
2011-08-31,-0.059503823913448994,0.0010268917271034628,0.11360147374884866,-0.003913220643819604,1.5924955894508486e-4
2011-09-30,-0.0773502578341928,-0.0013372535011312303,-0.10669975186104219,-0.01140491321122028,1.5924955894508486e-4
2011-10-31,0.11521926053310394,0.017545146882136597,0.06296296296296289,-0.012535315772951527,1.642020805256994e-4
2011-11-30,-0.004626060138781862,-0.018662232076866125,0.013937282229965264,-0.012600518759889545,1.5924955894508486e-4
2011-12-31,0.008520526723470034,0.019260531524539326,-0.12313860252004583,-0.010961269692601472,1.3777189662667055e-4
2012-01-31,0.05030721966205842,0.021829732591407858,0.1391247550620509,-0.007405763326304937,1.17922180139729e-4
2012-02-29,0.042961608775136995,0.008488028572688489,0.014908256880733939,-0.0012745594943501803,1.443833069105782e-4
2012-03-31,0.02944785276073625,-0.005902542465513805,-0.06073446327683618,0.013963415999343365,1.7245306922353265e-4
2012-04-30,-0.006640558487995829,0.012759219756778739,-0.006766917293233088,0.01921774715892366,1.3611864107487825e-4
2012-05-31,-0.06222146040452525,0.005788957119157834,-0.056472369417108204,0.018617078895107442,1.1130043932161549e-4
2012-06-30,0.03929811734600608,0.004991385973169393,0.025994865211810048,0.015015632421855551,1.195772112514426e-4
2012-07-31,0.0089693985226873,0.028072436682348156,0.014701282452298958,0.0077529667320896944,9.970616495502682e-5
2012-08-31,0.02422869095345992,0.003995169021559608,0.016337854500616533,0.0029248480395893672,9.804919247713428e-5
2012-09-30,0.0263784887678693,0.007388291119482249,0.07734303912647866,-0.002398015245019147,1.0301962407499587e-4
2012-10-31,-0.016746808157851234,0.013160069415750986,-0.03209459459459463,-0.0026947269251017536,1.195772112514426e-4
2012-11-30,0.007925801011804401,-8.197222732000409e-4,0.004072134962187279,-4.167621746653527e-5,1.0136297547713724e-4
2012-12-31,0.011711560983771019,-1.959151687319638e-4,-0.039687137891077584,-6.390619681719834e-4,1.195772112514426e-4
2013-01-31,0.05655697039854468,-0.0071727167328010655,0.00437405731523377,0.003079190096546336,1.4603575665939061e-4
2013-02-28,0.012991078416027424,0.007068285642621852,-0.04580267307403518,0.005883086645601221,1.2784994384462678e-4
2013-03-31,0.03924598269468493,6.614458716796001e-4,0.006137865911236995,0.01929581636941058,1.2784994384462678e-4
2013-04-30,0.01724650609574785,0.016998531091888314,-0.08086970123572657,0.020349819548262094,1.1295611704564834e-4
2013-05-31,0.02309266296404555,-0.02280879131460478,-0.05071477195370999,0.019155743079888543,1.7410278515672672e-4
2013-06-30,-0.011285714285714343,-0.02759883560997045,-0.14521333811401937,0.016696454684301143,2.3338589084720418e-4
2013-07-31,0.05389394596156638,0.007388985766702216,0.10276845637583887,0.0118963908101819,2.2845354247191807e-4
2013-08-31,-0.027831094049904026,-0.00768266768375736,0.061049828832255626,0.006999589374269588,2.6787220764568076e-4
2013-09-30,0.03779438725144568,0.009250029566304496,-0.04893350062735258,0.0017440073273402579,2.3009781804939067e-4
2013-10-31,0.041853512705530616,0.014965724473311903,-0.0018846588767432726,-7.389733280730448e-4,2.1693914585196872e-4
2013-11-30,0.028303117255771504,-0.002878089410445206,-0.0536253776435045,-0.0012095535932514778,2.2680910740069393e-4
2013-12-31,0.02790461694571289,-0.001794693661505753,-0.03870710295291302,-5.145259459121698e-4,2.8918577839109894e-4
2014-01-31,-0.029491609081934822,0.017842495546625647,0.038605230386052236,5.712922505147766e-4,2.465318085165258e-4
2014-02-28,0.046280991735537125,0.010972864951545924,0.060351718625099915,0.0031685479266403416,2.498166957989323e-4
2014-03-31,0.003888686353141324,7.125804672434288e-4,-0.026196758386731966,0.00824973105501492,2.8590851100895875e-4
2014-04-30,-7.263043215107734e-4,0.01165868769360734,-0.0025159667118250795,0.011041978126957952,2.7935207510831894e-4
2014-05-31,0.021804966686856497,0.01529021585251411,-0.02949165696546374,0.010516434229336902,2.547428336321378e-4
2014-06-30,0.0267931238885597,0.001676373705999934,0.05157936825269882,0.009259427919148466,2.6787220764568076e-4
2014-07-31,-0.020436439210252844,-0.0011769720146553864,-0.02262357414448668,0.005534766757709475,2.9082417454828757e-4
2014-08-31,0.042432814710042344,0.014269495772001095,3.890293717174753e-4,0.0018786421126946173,2.6951266470698343e-4
2014-09-30,-0.02091813658977837,-0.012432213366269762,-0.05385961501069414,-0.0012361456143701322,2.9410049194877885e-4
2014-10-31,0.02517611733456504,0.009333083200450343,-0.042951089190299996,-0.0019671268587557744,2.6787220764568076e-4
2014-11-30,0.024445195448912882,0.006350386444248235,0.015890057977238525,-0.0014917325664989267,2.465318085165258e-4
2014-12-31,-0.0013195513525401381,-0.0014005817801240328,0.019657577679137672,-0.0011579698927828286,2.7279310271088875e-4
2015-01-31,-0.02708654481391759,0.027403594217194183,0.04498341625207303,-0.0012253871382403858,1.9553449563947112e-4
2015-02-28,0.056926210955183354,-0.008359585958595872,-0.0366990676453085,0.0023274835512465675,2.4817433171775427e-4
2015-03-31,-0.01027947317699962,0.0037139150791758446,-0.02224052718286651,0.008748297442113362,2.2680910740069393e-4
2015-04-30,0.004976739153954357,-0.005339251600456563,-0.005686604886267932,0.011152814375531506,2.366733260437126e-4
2015-05-31,0.012380234686188096,-0.00505348971118591,0.009447151027324852,0.011035683612362623,2.465318085165258e-4
2015-06-30,-0.017120374308804753,-0.016394940641633826,-0.01712271277488675,0.009280269971490007,2.6951266470698343e-4
2015-07-31,0.016553067185978376,0.005388331475288055,-0.06199829205806995,0.006001210618856723,2.547428336321378e-4
2015-08-31,-0.0600255427841635,-0.006707016571182223,0.03332119446467585,0.0025385946615017474,2.547428336321378e-4
2015-09-30,-0.031136775362318847,0.005240594450861558,-0.018502202643171817,6.459025201630553e-4,2.2680910740069393e-4
2015-10-31,0.07724669860932587,0.005359800723380381,0.025448833034111162,5.712261941481778e-5,2.5145890079092403e-4
2015-11-30,0.0039054024734215265,-0.00223988217606097,-0.07042500109423544,5.654816304148103e-4,2.7279310271088875e-4
2015-12-31,-0.020855846120596544,-0.008668276031736366,-0.0017892456916848154,-1.313002723053458e-4,2.9082417454828757e-4
2016-01-31,-0.05760953537137181,0.0043856077614787825,0.04886792452830191,-4.7388494301958684e-4,2.2022977155189416e-4
2016-02-29,-5.855486590935488e-4,0.007346923017527596,0.11072135276128803,0.001376631536857742,2.021234208171574e-4
2016-03-31,0.07042418561049901,0.027142107058404363,0.0017005425540528307,0.00752398662909437,2.0047642959264422e-4
2016-04-30,0.008429118773946476,0.013604223801794824,0.03932902182700082,0.010723283793347527,2.1200200937987468e-4
2016-05-31,0.01736864958749451,-6.515713176098448e-4,-0.05720841597635451,0.0103574409446614,2.2680910740069393e-4
2016-06-30,0.002454118651301851,0.021795825751268927,0.08963781866182674,0.008737691830036587,1.6750295793754866e-4
2016-07-31,0.03980840872804681,0.01450299396880217,0.01608934317622568,0.006089785868179209,1.7080319273032885e-4
2016-08-31,0.0030709386835909847,0.002739735762968376,-0.02440387481371087,0.003490811354150525,1.971819670352204e-4
2016-09-30,0.002245127053780882,-0.0028810886475184594,0.010120297880465978,0.0015896260568020182,1.8894300854466195e-4
2016-10-31,-0.021280928622339768,-0.008277298380791276,-0.0381852551984877,4.2395221297608643e-4,2.1693914585196872e-4
2016-11-30,0.04535996670828135,-0.026791569758065847,-0.07382075471698124,0.0011680910133053946,3.022885165595568e-4
2016-12-31,0.01930732484076425,0.0062562829798906705,-0.027332144979203665,9.496624628275718e-4,3.1865271219655433e-4
2017-01-31,0.019625073227885315,0.004102230061551859,0.05838205777118399,0.0014150099484417922,3.1374511171522457e-4
2017-02-28,0.03543043186823702,0.01131248929431794,0.03529023746701854,0.0020139460349082317,3.1210892916155863e-4
2017-03-31,0.0012947378155923062,-0.0012324724045104096,-0.008561643835616417,0.008104428259601004,3.1865271219655433e-4
2017-04-30,0.010991040916227934,0.00997658299326365,0.017351488131100323,0.010702954165416001,2.9901378122798583e-4
2017-05-31,0.009501187648456089,0.011624999106868428,-1.9740218721620018e-4,0.010568402967425339,2.8918577839109894e-4
2017-06-30,0.008868778280543,0.002454373375522678,-0.018914863370715573,0.009125064279492445,3.1210892916155863e-4
2017-07-31,0.019106566200215225,0.0074719142685026885,0.02036627087945253,0.006520620030887159,3.0392564706138714e-4
2017-08-31,0.0014963471525393235,0.00846900525903549,0.034870419312847734,0.004344748846652369,0.00028099142180293413
2017-09-30,0.023905783090174104,-0.002281505932608896,-0.0218410520297313,0.0024278836261881764,3.1701700320208026e-4
2017-10-31,0.021030042918454894,0.0040347804328788595,-0.01009274413529715,0.0013649425287356465,3.3173270623421125e-4
2017-11-30,0.030012610340479196,-0.0014018254883025882,0.007912451285281286,0.001880643210724342,3.5296619843783184e-4
2017-12-31,0.011426705843943896,0.008526744863156077,0.008436181846586344,0.0020203260141269386,3.627573102171766e-4
2018-01-31,0.05358295674628799,-0.009241693130421558,0.041866769945778426,0.001367989056087593,4.148812979121175e-4
2018-02-28,-0.03753063725490202,-0.01496487728731244,-0.020222296568900844,0.0040168012397032715,4.360109831158532e-4
2018-03-31,-0.020770332643641587,0.0021517039311735875,0.00455287020525863,0.008458398489063823,4.213855443595538e-4
2018-04-30,0.005363673303535155,-0.008518055184628115,-0.008044718057181655,0.01027035191058756,4.5873662142192906e-4
2018-05-31,0.028049470535930876,0.004501183775890594,-0.005977764240024497,0.0091593162904271,4.4088332741165637e-4
2018-06-30,0.007312470514231784,-0.005394858477584363,-0.042057685678170476,0.007861417820530514,4.4900079136045434e-4
2018-07-31,0.032784325969869466,0.007407170907697713,-0.02359150705745927,0.004453699167075165,4.684668648582413e-4
2018-08-31,0.035749376464363936,0.005440581455540272,-0.015152135632089725,0.0018584549946585316,4.506238179387001e-4
2018-09-30,8.026853473439566e-4,-0.0032536897331904013,-0.012640858247744191,2.629144554264773e-4,4.8305176922314175e-4
2018-10-31,-0.0742253007655852,-0.013510522043760687,0.0233312276268689,1.947002589486324e-5,4.895299245160079e-4
2018-11-30,0.019138379144679973,-0.001909185461695273,0.0021400057615539314,-0.0012363225731083505,4.668455453045173e-4
2018-12-31,-0.09296754250386396,0.01501006380883041,0.05047020656235879,-0.0019737419222783936,4.1325484638643495e-4
2019-01-31,0.08843827213086808,0.02093397745571668,0.03459734167318218,-0.0024073558638404435,4.002376147149711e-4
2019-02-28,0.03483365949119355,0.003595387985067422,-0.003098431891176978,0.0011160277244781636,4.148812979121175e-4
2019-03-31,0.014145234493192271,0.02489911329508332,-0.01800401773869542,0.0065664665271558675,3.6765074665612296e-4
2019-04-30,0.040128291191168675,0.005567980928911975,-0.010112706499922908,0.00926326220326712,3.7580333696918267e-4
2019-05-31,-0.06496952312656867,0.014343982552815993,0.010332995398892653,0.008003888840759643,3.1865271219655433e-4
2019-06-30,0.06864023314671375,0.023000692613977636,0.08756898614488051,0.005939733666926017,2.9082417454828757e-4
2019-07-31,0.01478398162767336,0.006552222043959555,0.013165365507451954,0.003593109962455099,3.0392564706138714e-4
2019-08-31,-0.0225601131541725,0.030360991035792928,0.07064551154075183,0.001721544850027179,2.3009781804939067e-4
2019-09-30,0.015773098907459593,-0.006184718578288173,-0.02819942423449373,8.734572855779721e-4,2.563845615435323e-4
2019-10-31,0.02079920222238063,0.006117359915571052,0.01726923853766915,4.4814068787246697e-4,2.498166957989323e-4
2019-11-30,0.03705254343730369,0.0021659622132421674,-0.03362123167543596,6.648371856168289e-4,2.6787220764568076e-4
2019-12-31,0.028529134705961523,0.0031492951136524727,0.03739341848440225,5.890030769519772e-4,2.7935207510831894e-4
2020-01-31,-2.6167735182536234e-4,0.02375793316138397,0.045849150024756646,6.357488650705623e-4,2.1858453854251003e-4
2020-02-29,-0.08074859311608429,0.012903574939646001,0.016191137482640894,0.0037697133417733397,1.4768804534237567e-4
2020-03-31,-0.13859624145785865,-0.07474036323917443,-5.59058297356807e-4,0.009189625100804566,6.155475837665847e-5
2020-04-30,0.13503016279646296,0.052727984294201447,0.0582988905808135,0.00958911746668889,5.9894052079290105e-5
2020-05-31,0.05547870404077182,0.01748184624385596,0.015240052855674646,0.00576140777145806,4.992639594436632e-5
2020-06-30,0.024073946333724283,0.020152378214227884,0.022791693179845973,0.006140190336749729,4.826454989625972e-5
2020-07-31,0.05691768826619947,0.03150586404802791,0.1113059216107688,0.008003565224508957,3.4963912592500535e-5
2020-08-31,0.07411892167484546,-0.011540639843810041,-0.0038424347295028527,0.011179182719636138,4.660254089805527e-5
2020-09-30,-0.03589652308057423,-0.002640277329893581,-0.03599254093544835,0.012273579013116764,4.660254089805527e-5
2020-10-31,-0.020924364576281662,-0.0017176922299686481,-0.0026763474481955596,0.013398504127532629,6.321530198127867e-5
2020-11-30,0.12420642403670867,0.026659919028340084,-0.06339506336849376,0.010990253597818578,5.9894052079290105e-5
2020-12-31,0.044227005870841385,0.004912413138451699,0.07094834189101018,0.008582195493379574,5.9894052079290105e-5
